Empresa,EBITDA_Growth,Margem_Bruta_Growth,Inadimplencia_Var,CAPEX_Growth,Transgressoes_Var,DEC_Var,Score_Eficiencia,Eficiencia_Relativa
Neoenergia,8.9,4.6,-11.9,16.9,-27.9,-2.3,1.650887573964497,1.0
Distribuidora A,5.2,4.0,-5.0,10.5,-10.0,-1.0,0.9523809523809523,0.5768902543096092
Média Setor,8.7,4.6,-13.0,16.9,-15.0,-1.7,0.8875739644970415,0.5376344086021506
Distribuidora B,4.1,3.8,-2.0,8.2,-5.0,0.5,0.6097560975609757,0.36935046769822544
Distribuidora C,3.5,3.2,1.5,5.0,2.0,1.2,0.4,0.24229390681003585
